{"H": [[0.9860575795173645, -0.15877550840377808, 35.00001525878906], [0.25441208481788635, 0.7068309187889099, -90.00004577636719], [0.0007112242747098207, -0.000979702570475638, 1.0]], "source_mode": 2, "target_mode": 1}